78100,3,6,10,2800,8,80, one integer ,14058.0,Moe stole $1400.,"Emily invested $78100 in two different accounts and has a cat named Uni. One account earns 3% annual interest, the other earns 6% annual interest, and her cat stole 10% of her total investment before she invested. And her mom invested $2800 in five accounts and has a cat named Moe. One account earns 8% annual interest, and Moe stole 80% more than Uni. If the total interest earned after one year is $340, how much did Moe steal? Please answer in  one integer "
16300,5,9,75,1570,3,35, one integer ,16503.75,Moe stole $11683.,"Emily invested $16300 in two different accounts and has a cat named Uni. One account earns 5% annual interest, the other earns 9% annual interest, and her cat stole 75% of her total investment before she invested. And her mom invested $1570 in five accounts and has a cat named Moe. One account earns 3% annual interest, and Moe stole 35% more than Uni. If the total interest earned after one year is $340, how much did Moe steal? Please answer in  one integer "
84400,1,3,90,4570,5,75, one integer ,132930.0,Moe stole $1492.,"Emily invested $84400 in two different accounts and has a cat named Uni. One account earns 1% annual interest, the other earns 3% annual interest, and her cat stole 90% of her total investment before she invested. And her mom invested $4570 in five accounts and has a cat named Moe. One account earns 5% annual interest, and Moe stole 75% more than Uni. If the total interest earned after one year is $340, how much did Moe steal? Please answer in  one integer "
81100,3,3,80,4480,8,95, one integer ,126516.0,Moe stole $154.,"Emily invested $81100 in two different accounts and has a cat named Uni. One account earns 3% annual interest, the other earns 3% annual interest, and her cat stole 80% of her total investment before she invested. And her mom invested $4480 in five accounts and has a cat named Moe. One account earns 8% annual interest, and Moe stole 95% more than Uni. If the total interest earned after one year is $340, how much did Moe steal? Please answer in  one integer "
99500,1,6,45,2930,8,75, one integer ,78356.25,Moe stole $787.50.,"Emily invested $99500 in two different accounts and has a cat named Uni. One account earns 1% annual interest, the other earns 6% annual interest, and her cat stole 45% of her total investment before she invested. And her mom invested $2930 in five accounts and has a cat named Moe. One account earns 8% annual interest, and Moe stole 75% more than Uni. If the total interest earned after one year is $340, how much did Moe steal? Please answer in  one integer "
78100,3,6,10,2800,8,80, one integer ,14058.0,Moe stole $1401.,"Emily invested $78100 in two different accounts and has a cat named Uni. One account earns 3% annual interest, the other earns 6% annual interest, and her cat stole 10% of her total investment before she invested. And her mom invested $2800 in five accounts and has a cat named Moe. One account earns 8% annual interest, and Moe stole 80% more than Uni. If the total interest earned after one year is $340, how much did Moe steal? Please answer in  one integer "
16300,5,9,75,1570,3,35, one integer ,16503.75,Moe stole $16300 x 0.75 x 1.35 = $17437,"Emily invested $16300 in two different accounts and has a cat named Uni. One account earns 5% annual interest, the other earns 9% annual interest, and her cat stole 75% of her total investment before she invested. And her mom invested $1570 in five accounts and has a cat named Moe. One account earns 3% annual interest, and Moe stole 35% more than Uni. If the total interest earned after one year is $340, how much did Moe steal? Please answer in  one integer "
84400,1,3,90,4570,5,75, one integer ,132930.0,Moe stole $759.,"Emily invested $84400 in two different accounts and has a cat named Uni. One account earns 1% annual interest, the other earns 3% annual interest, and her cat stole 90% of her total investment before she invested. And her mom invested $4570 in five accounts and has a cat named Moe. One account earns 5% annual interest, and Moe stole 75% more than Uni. If the total interest earned after one year is $340, how much did Moe steal? Please answer in  one integer "
81100,3,3,80,4480,8,95, one integer ,126516.0,"Moe stole $153,920.","Emily invested $81100 in two different accounts and has a cat named Uni. One account earns 3% annual interest, the other earns 3% annual interest, and her cat stole 80% of her total investment before she invested. And her mom invested $4480 in five accounts and has a cat named Moe. One account earns 8% annual interest, and Moe stole 95% more than Uni. If the total interest earned after one year is $340, how much did Moe steal? Please answer in  one integer "
99500,1,6,45,2930,8,75, one integer ,78356.25,Moe stole $742.,"Emily invested $99500 in two different accounts and has a cat named Uni. One account earns 1% annual interest, the other earns 6% annual interest, and her cat stole 45% of her total investment before she invested. And her mom invested $2930 in five accounts and has a cat named Moe. One account earns 8% annual interest, and Moe stole 75% more than Uni. If the total interest earned after one year is $340, how much did Moe steal? Please answer in  one integer "
66600,8,6,55,3080,4,50, one integer ,54945.0,Moe stole $6650.,"Emily invested $66600 in two different accounts and has a cat named Uni. One account earns 8% annual interest, the other earns 6% annual interest, and her cat stole 55% of her total investment before she invested. And her mom invested $3080 in five accounts and has a cat named Moe. One account earns 4% annual interest, and Moe stole 50% more than Uni. If the total interest earned after one year is $340, how much did Moe steal? Please answer in  one integer "
43900,4,9,85,3200,9,5, one integer ,39180.75,Moe stole $2340.,"Emily invested $43900 in two different accounts and has a cat named Uni. One account earns 4% annual interest, the other earns 9% annual interest, and her cat stole 85% of her total investment before she invested. And her mom invested $3200 in five accounts and has a cat named Moe. One account earns 9% annual interest, and Moe stole 5% more than Uni. If the total interest earned after one year is $340, how much did Moe steal? Please answer in  one integer "
20100,5,6,50,5540,2,85, one integer ,18592.5,Moe stole $10585.,"Emily invested $20100 in two different accounts and has a cat named Uni. One account earns 5% annual interest, the other earns 6% annual interest, and her cat stole 50% of her total investment before she invested. And her mom invested $5540 in five accounts and has a cat named Moe. One account earns 2% annual interest, and Moe stole 85% more than Uni. If the total interest earned after one year is $340, how much did Moe steal? Please answer in  one integer "
49500,2,2,5,9910,8,25, one integer ,3093.75,Moe stole $2475.,"Emily invested $49500 in two different accounts and has a cat named Uni. One account earns 2% annual interest, the other earns 2% annual interest, and her cat stole 5% of her total investment before she invested. And her mom invested $9910 in five accounts and has a cat named Moe. One account earns 8% annual interest, and Moe stole 25% more than Uni. If the total interest earned after one year is $340, how much did Moe steal? Please answer in  one integer "
52100,3,6,35,6510,7,45, one integer ,26440.75,Moe stole $913.,"Emily invested $52100 in two different accounts and has a cat named Uni. One account earns 3% annual interest, the other earns 6% annual interest, and her cat stole 35% of her total investment before she invested. And her mom invested $6510 in five accounts and has a cat named Moe. One account earns 7% annual interest, and Moe stole 45% more than Uni. If the total interest earned after one year is $340, how much did Moe steal? Please answer in  one integer "
